 {
    "QuizData2":  [
 
 
    {
        "id":1,
        "question": "Which language runs in a web browser?",
        "options": ["Java", "Python", "JavaScript"],
        "answer": 4
    },
    {"id":2,
        "question": "What does CSS stand for?",
        "options": ["Central Style Sheets", "Cascading Style Sheets", "Cascading Simple Sheets"],
        "answer": 2
    }, {
        "id":3,
        "question": "What does HTML stand for?",
        "options": ["Hypertext Markup Language", "Hypertext Markdown Language", "Hyperloop Machine Language"],
        "answer": 1
    },
    {"id":4,
        "question": "What year was JavaScript launched?",
        "options": ["1996", "1995", "1994"],
        "answer": 2
    }, {
        "id":5,
        "question": "In React.js which one of the following is used to create a class for Inheritance ?",
        "options": ["Create", "Extends", "Inherits"],
        "answer": 2
    },
    {"id":6,
        "question": "What does CSS stand for?",
        "options": ["Central Style Sheets", "Cascading Style Sheets", "Cascading Simple Sheets"],
        "answer": 2
    }, {
        "id":7,
        "question": "Which language runs in a web browser?",
        "options": ["Java", "C", "JavaScript"],
        "answer": 3
    },
    {"id":8,
        "question": "What does CSS stand for?",
        "options": ["Central Style Sheets", "Cascading Style Sheets", "Cascading Simple Sheets"],
        "answer": 2
    },
    {
        "id":9,
        "question": "Which language runs in a web browser?",
        "options": ["Java", "C", "JavaScript"],
        "answer": 3
    },
    {"id":10,
        "question": "What does CSS stand for?",
        "options": ["Central Style Sheets", "Cascading Style Sheets", "Cascading Simple Sheets"],
        "answer": 2
    }
  
]
 }
